flight_id,flight_number,airport_id,destination_code,haul_type,scheduled_departure,passenger_capacity
1,VS209,9,BCN,Short-Haul,2026-08-05 15:43:00,164
2,EZ285,7,SIN,Long-Haul,2026-08-09 23:12:00,281
3,FR270,5,JFK,Long-Haul,2026-08-28 11:43:00,276
4,LM446,2,ABZ,Domestic,2026-08-30 09:15:00,129
5,LM420,11,SIN,Long-Haul,2026-08-11 15:37:00,270
6,BA419,5,DXB,Long-Haul,2026-08-14 12:14:00,369
7,VS697,5,JFK,Long-Haul,2026-08-14 09:16:00,305
8,VS400,12,JFK,Long-Haul,2026-08-24 16:04:00,276
9,LM574,6,SIN,Long-Haul,2026-08-11 05:19:00,366
10,EZ280,4,GLA,Domestic,2026-08-10 17:41:00,83
11,FR574,3,GLA,Domestic,2026-08-19 01:20:00,99
12,FR227,8,AMS,Short-Haul,2026-08-22 07:35:00,169
13,EZ231,2,AMS,Short-Haul,2026-08-03 20:04:00,219
14,VS947,12,CDG,Short-Haul,2026-08-27 03:06:00,178
15,BA488,2,GLA,Domestic,2026-08-23 11:17:00,100
16,BA339,10,BCN,Short-Haul,2026-08-29 06:24:00,211
17,BA409,1,LAX,Long-Haul,2026-08-07 02:58:00,358
18,VS933,6,EDI,Domestic,2026-08-22 11:46:00,146
19,EZ951,9,HND,Long-Haul,2026-08-27 01:48:00,293
20,BA293,3,SIN,Long-Haul,2026-08-23 15:04:00,389
21,EZ190,9,DUB,Short-Haul,2026-08-17 04:28:00,213
22,LM521,3,CDG,Short-Haul,2026-08-19 17:16:00,155
23,FR762,7,LAX,Long-Haul,2026-08-06 09:42:00,372
24,LM580,12,BFS,Domestic,2026-08-07 22:30:00,126
25,LM916,5,SIN,Long-Haul,2026-08-26 18:22:00,338
26,VS503,3,GLA,Domestic,2026-08-02 18:54:00,88
27,BA584,5,FRA,Short-Haul,2026-08-26 18:39:00,190
28,BA826,5,SIN,Long-Haul,2026-08-14 19:46:00,265
29,EZ426,8,BFS,Domestic,2026-08-22 17:13:00,136
30,EZ750,10,JFK,Long-Haul,2026-08-13 12:14:00,367
31,LM723,5,AMS,Short-Haul,2026-08-22 00:33:00,169
32,LM711,3,BFS,Domestic,2026-08-14 18:08:00,111
33,BA525,3,CDG,Short-Haul,2026-08-06 01:00:00,152
34,EZ419,4,SIN,Long-Haul,2026-08-01 20:52:00,308
35,EZ604,7,JFK,Long-Haul,2026-08-21 23:36:00,391
36,FR124,3,EDI,Domestic,2026-08-15 22:32:00,106
37,EZ325,8,SIN,Long-Haul,2026-08-16 17:23:00,269
38,LM191,4,EDI,Domestic,2026-08-17 05:05:00,108
39,VS572,2,FRA,Short-Haul,2026-08-24 20:23:00,183
40,BA262,12,JFK,Long-Haul,2026-08-05 07:41:00,258
41,EZ281,11,HND,Long-Haul,2026-08-26 09:07:00,371
42,VS303,6,BFS,Domestic,2026-08-06 15:17:00,89
43,BA578,10,LAX,Long-Haul,2026-08-18 20:52:00,292
44,EZ576,10,HND,Long-Haul,2026-08-08 12:48:00,256
45,BA434,1,FRA,Short-Haul,2026-08-18 03:52:00,182
46,EZ605,12,ABZ,Domestic,2026-08-27 06:39:00,96
47,FR417,8,FRA,Short-Haul,2026-08-10 21:38:00,211
48,FR499,6,LAX,Long-Haul,2026-08-03 11:14:00,291
49,VS771,1,HND,Long-Haul,2026-08-01 10:15:00,299
50,VS742,2,BFS,Domestic,2026-08-13 16:59:00,109
51,LM686,10,ABZ,Domestic,2026-08-05 17:53:00,134
52,VS746,6,GLA,Domestic,2026-08-21 16:25:00,81
53,LM733,4,AMS,Short-Haul,2026-08-30 12:28:00,158
54,BA447,9,AMS,Short-Haul,2026-08-30 17:15:00,219
55,BA607,3,LAX,Long-Haul,2026-08-10 03:32:00,328
56,EZ108,6,ABZ,Domestic,2026-08-25 03:16:00,108
57,VS650,10,FRA,Short-Haul,2026-08-19 16:20:00,179
58,LM983,6,FRA,Short-Haul,2026-08-30 15:05:00,156
59,BA353,10,LAX,Long-Haul,2026-08-21 22:12:00,371
60,BA342,3,LAX,Long-Haul,2026-08-04 05:42:00,261
61,FR843,3,DUB,Short-Haul,2026-08-22 06:39:00,206
62,VS537,6,LAX,Long-Haul,2026-08-26 00:26:00,391
63,LM799,9,DXB,Long-Haul,2026-08-08 07:57:00,397
64,VS718,1,BCN,Short-Haul,2026-08-11 03:54:00,195
65,EZ503,9,BCN,Short-Haul,2026-08-25 22:33:00,173
66,VS327,1,DXB,Long-Haul,2026-08-28 05:17:00,333
67,EZ755,6,BFS,Domestic,2026-08-06 06:30:00,87
68,VS438,2,HND,Long-Haul,2026-08-27 06:42:00,378
69,LM138,4,LAX,Long-Haul,2026-08-18 13:13:00,271
70,EZ246,1,JFK,Long-Haul,2026-08-09 16:54:00,258
71,FR965,7,DXB,Long-Haul,2026-08-08 16:27:00,273
72,VS414,11,FRA,Short-Haul,2026-08-09 01:26:00,175
73,EZ508,5,CDG,Short-Haul,2026-08-05 20:58:00,203
74,EZ444,12,DXB,Long-Haul,2026-08-10 03:13:00,392
75,BA484,10,SIN,Long-Haul,2026-08-14 12:33:00,357
76,LM560,8,BCN,Short-Haul,2026-08-27 01:41:00,152
77,VS770,2,LAX,Long-Haul,2026-08-05 03:15:00,255
78,BA579,2,JFK,Long-Haul,2026-08-01 20:40:00,385
79,VS522,2,ABZ,Domestic,2026-08-02 20:45:00,92
80,VS792,5,DUB,Short-Haul,2026-08-20 04:28:00,165
81,BA986,2,BFS,Domestic,2026-08-19 03:36:00,88
82,VS790,4,LAX,Long-Haul,2026-08-09 11:27:00,326
83,LM899,5,EDI,Domestic,2026-08-22 12:51:00,129
84,BA674,7,HND,Long-Haul,2026-08-07 00:53:00,289
85,LM385,10,FRA,Short-Haul,2026-08-09 14:45:00,198
86,LM762,4,AMS,Short-Haul,2026-08-11 18:31:00,177
87,BA188,7,EDI,Domestic,2026-08-05 17:13:00,107
88,VS571,11,DUB,Short-Haul,2026-08-03 00:11:00,158
89,BA788,3,HND,Long-Haul,2026-08-04 12:41:00,321
90,VS786,8,DXB,Long-Haul,2026-08-19 18:28:00,323
91,BA130,2,DXB,Long-Haul,2026-08-17 07:01:00,324
92,LM933,10,HND,Long-Haul,2026-08-25 08:29:00,378
93,VS537,8,LAX,Long-Haul,2026-08-04 02:58:00,390
94,FR672,7,JFK,Long-Haul,2026-08-28 10:44:00,296
95,BA951,3,JFK,Long-Haul,2026-08-24 07:40:00,262
96,BA202,9,BCN,Short-Haul,2026-08-05 02:37:00,205
97,LM670,7,SIN,Long-Haul,2026-08-11 07:11:00,284
98,VS365,5,LAX,Long-Haul,2026-08-12 17:12:00,264
99,BA653,8,ABZ,Domestic,2026-08-10 00:57:00,104
100,EZ943,8,DXB,Long-Haul,2026-08-01 13:09:00,381
101,BA334,1,DXB,Long-Haul,2026-08-30 15:55:00,378
102,VS808,2,SIN,Long-Haul,2026-08-18 04:45:00,275
103,LM187,6,SIN,Long-Haul,2026-08-11 12:21:00,254
104,EZ259,3,LAX,Long-Haul,2026-08-21 04:04:00,348
105,BA737,7,DXB,Long-Haul,2026-08-21 11:22:00,376
106,EZ993,5,LAX,Long-Haul,2026-08-17 10:40:00,329
107,VS879,7,DXB,Long-Haul,2026-08-20 21:48:00,306
108,EZ792,10,BFS,Domestic,2026-08-11 13:15:00,81
109,FR542,6,GLA,Domestic,2026-08-15 01:35:00,136
110,FR648,3,FRA,Short-Haul,2026-08-29 07:03:00,170
111,BA881,10,BFS,Domestic,2026-08-12 08:00:00,89
112,VS725,2,SIN,Long-Haul,2026-08-20 18:47:00,262
113,VS388,3,HND,Long-Haul,2026-08-07 12:43:00,338
114,VS945,5,CDG,Short-Haul,2026-08-28 01:33:00,206
115,EZ124,11,AMS,Short-Haul,2026-08-21 07:31:00,189
116,FR233,7,LAX,Long-Haul,2026-08-04 04:37:00,266
117,LM872,5,SIN,Long-Haul,2026-08-21 21:45:00,282
118,LM745,4,BFS,Domestic,2026-08-22 14:49:00,115
119,LM831,1,SIN,Long-Haul,2026-08-05 15:48:00,343
120,BA367,4,LAX,Long-Haul,2026-08-28 00:02:00,275
121,LM885,10,DUB,Short-Haul,2026-08-25 20:14:00,198
122,VS232,11,GLA,Domestic,2026-08-17 13:19:00,97
123,EZ546,12,JFK,Long-Haul,2026-08-04 20:06:00,283
124,EZ641,12,DXB,Long-Haul,2026-08-13 07:39:00,270
125,BA157,6,LAX,Long-Haul,2026-08-07 04:01:00,367
126,BA656,11,HND,Long-Haul,2026-08-09 07:20:00,282
127,VS917,8,BFS,Domestic,2026-08-18 00:55:00,100
128,FR977,7,BCN,Short-Haul,2026-08-05 18:44:00,213
129,EZ635,7,SIN,Long-Haul,2026-08-02 00:02:00,349
130,FR328,4,DUB,Short-Haul,2026-08-01 07:29:00,150
131,LM829,12,HND,Long-Haul,2026-08-22 15:54:00,338
132,EZ973,10,BFS,Domestic,2026-08-06 21:39:00,125
133,BA273,2,FRA,Short-Haul,2026-08-08 16:47:00,157
134,BA852,5,DUB,Short-Haul,2026-08-12 06:06:00,203
135,LM614,3,DUB,Short-Haul,2026-08-05 08:37:00,164
136,EZ339,2,ABZ,Domestic,2026-08-07 04:00:00,93
137,LM217,10,EDI,Domestic,2026-08-14 16:36:00,122
138,BA763,1,LAX,Long-Haul,2026-08-17 07:18:00,306
139,VS192,9,CDG,Short-Haul,2026-08-17 11:15:00,206
140,BA435,4,DXB,Long-Haul,2026-08-20 04:14:00,274
141,FR337,2,DUB,Short-Haul,2026-08-11 18:19:00,180
142,VS113,9,SIN,Long-Haul,2026-08-24 21:54:00,270
143,BA289,10,BFS,Domestic,2026-08-13 05:42:00,138
144,VS565,10,CDG,Short-Haul,2026-08-07 16:44:00,162
145,BA281,3,SIN,Long-Haul,2026-08-03 18:42:00,349
146,LM552,8,DUB,Short-Haul,2026-08-15 13:54:00,215
147,LM735,3,DUB,Short-Haul,2026-08-26 12:11:00,151
148,FR194,9,JFK,Long-Haul,2026-08-12 12:41:00,332
149,BA570,2,CDG,Short-Haul,2026-08-27 02:12:00,157
150,FR871,9,SIN,Long-Haul,2026-08-22 01:14:00,380
151,BA385,6,JFK,Long-Haul,2026-08-16 15:31:00,277
152,VS439,6,GLA,Domestic,2026-08-08 10:49:00,127
153,VS297,9,AMS,Short-Haul,2026-08-04 05:15:00,215
154,VS436,4,BCN,Short-Haul,2026-08-07 17:02:00,220
155,BA625,9,ABZ,Domestic,2026-08-18 15:40:00,145
156,VS786,2,CDG,Short-Haul,2026-08-04 07:51:00,166
157,EZ531,12,EDI,Domestic,2026-08-17 06:57:00,138
158,VS993,11,DXB,Long-Haul,2026-08-10 12:21:00,271
159,BA248,4,DUB,Short-Haul,2026-08-11 04:00:00,219
160,LM778,1,HND,Long-Haul,2026-08-12 09:19:00,281
161,VS569,1,GLA,Domestic,2026-08-05 18:26:00,140
162,VS242,4,BFS,Domestic,2026-08-27 08:57:00,131
163,VS537,8,JFK,Long-Haul,2026-08-27 03:34:00,345
164,EZ267,1,DUB,Short-Haul,2026-08-28 04:14:00,205
165,VS205,10,JFK,Long-Haul,2026-08-24 23:35:00,335
166,BA890,4,DXB,Long-Haul,2026-08-22 12:51:00,370
167,VS196,6,DUB,Short-Haul,2026-08-26 04:51:00,176
168,EZ233,11,DUB,Short-Haul,2026-08-11 19:50:00,211
169,EZ605,9,ABZ,Domestic,2026-08-23 01:28:00,123
170,BA745,1,FRA,Short-Haul,2026-08-17 01:12:00,154
171,FR916,9,DUB,Short-Haul,2026-08-23 17:17:00,189
172,BA512,9,LAX,Long-Haul,2026-08-27 10:10:00,280
173,LM857,11,CDG,Short-Haul,2026-08-08 12:10:00,208
174,LM603,11,AMS,Short-Haul,2026-08-10 18:45:00,156
175,VS246,4,JFK,Long-Haul,2026-08-16 08:21:00,370
176,VS836,3,EDI,Domestic,2026-08-12 02:19:00,148
177,VS717,7,AMS,Short-Haul,2026-08-23 11:51:00,178
178,VS318,9,FRA,Short-Haul,2026-08-04 12:56:00,155
179,EZ508,10,DXB,Long-Haul,2026-08-22 13:31:00,336
180,EZ563,11,DXB,Long-Haul,2026-08-17 08:49:00,362
181,LM103,12,CDG,Short-Haul,2026-08-12 01:02:00,170
182,VS814,4,DXB,Long-Haul,2026-08-18 05:11:00,387
183,VS940,12,BFS,Domestic,2026-08-21 13:41:00,81
184,VS898,10,LAX,Long-Haul,2026-08-02 13:29:00,325
185,BA200,12,BFS,Domestic,2026-08-14 06:19:00,105
186,FR321,8,HND,Long-Haul,2026-08-15 02:50:00,398
187,BA734,8,ABZ,Domestic,2026-08-20 08:59:00,117
188,EZ243,4,DUB,Short-Haul,2026-08-24 20:46:00,213
189,VS146,3,FRA,Short-Haul,2026-08-29 00:29:00,189
190,FR803,9,DUB,Short-Haul,2026-08-11 02:20:00,203
191,FR941,1,AMS,Short-Haul,2026-08-18 10:38:00,191
192,BA151,7,LAX,Long-Haul,2026-08-09 22:47:00,296
193,LM643,6,CDG,Short-Haul,2026-08-22 23:36:00,200
194,FR246,12,HND,Long-Haul,2026-08-05 17:43:00,369
195,VS744,9,SIN,Long-Haul,2026-08-11 19:43:00,325
196,FR568,1,BCN,Short-Haul,2026-08-12 10:31:00,193
197,BA368,9,HND,Long-Haul,2026-08-02 09:10:00,327
198,EZ858,10,EDI,Domestic,2026-08-06 17:54:00,89
199,FR439,11,DUB,Short-Haul,2026-08-04 11:39:00,206
200,FR396,12,HND,Long-Haul,2026-08-15 06:04:00,379
201,LM205,11,LAX,Long-Haul,2026-08-21 05:49:00,302
202,VS441,7,ABZ,Domestic,2026-08-21 22:35:00,84
203,BA781,4,HND,Long-Haul,2026-08-30 09:30:00,258
204,LM451,11,CDG,Short-Haul,2026-08-29 03:33:00,217
205,VS263,2,AMS,Short-Haul,2026-08-03 01:24:00,177
206,FR293,2,AMS,Short-Haul,2026-08-11 00:15:00,183
207,FR507,10,EDI,Domestic,2026-08-19 13:29:00,98
208,LM614,3,BCN,Short-Haul,2026-08-12 20:30:00,205
209,EZ239,12,HND,Long-Haul,2026-08-20 19:32:00,307
210,FR205,8,GLA,Domestic,2026-08-29 16:10:00,106
211,VS479,1,SIN,Long-Haul,2026-08-10 01:41:00,400
212,EZ276,12,LAX,Long-Haul,2026-08-21 20:44:00,361
213,EZ640,9,AMS,Short-Haul,2026-08-12 04:33:00,189
214,FR372,7,SIN,Long-Haul,2026-08-05 17:19:00,363
215,FR648,10,SIN,Long-Haul,2026-08-18 10:37:00,255
216,LM327,10,HND,Long-Haul,2026-08-24 19:13:00,314
217,EZ547,6,BCN,Short-Haul,2026-08-18 19:18:00,170
218,LM759,4,HND,Long-Haul,2026-08-24 22:29:00,380
219,VS472,4,ABZ,Domestic,2026-08-11 05:38:00,93
220,FR715,1,BCN,Short-Haul,2026-08-27 14:29:00,192
221,FR141,8,LAX,Long-Haul,2026-08-20 15:10:00,333
222,EZ356,10,EDI,Domestic,2026-08-12 22:22:00,109
223,FR370,8,SIN,Long-Haul,2026-08-15 20:10:00,342
224,BA170,11,FRA,Short-Haul,2026-08-24 22:33:00,171
225,FR978,7,SIN,Long-Haul,2026-08-21 22:40:00,264
226,BA553,7,CDG,Short-Haul,2026-08-27 02:20:00,154
227,EZ938,12,LAX,Long-Haul,2026-08-03 02:45:00,265
228,VS970,1,AMS,Short-Haul,2026-08-02 01:03:00,211
229,BA157,4,LAX,Long-Haul,2026-08-24 13:45:00,286
230,FR199,4,BCN,Short-Haul,2026-08-01 11:11:00,154
231,FR836,7,ABZ,Domestic,2026-08-17 06:12:00,95
232,BA286,10,CDG,Short-Haul,2026-08-04 21:21:00,179
233,FR730,1,ABZ,Domestic,2026-08-13 22:26:00,133
234,EZ241,9,CDG,Short-Haul,2026-08-26 09:23:00,164
235,VS944,6,EDI,Domestic,2026-08-26 05:24:00,92
236,FR793,11,BFS,Domestic,2026-08-13 15:35:00,101
237,EZ481,10,CDG,Short-Haul,2026-08-19 07:48:00,167
238,FR224,4,CDG,Short-Haul,2026-08-10 18:39:00,171
239,LM884,6,LAX,Long-Haul,2026-08-26 16:44:00,355
240,BA811,3,AMS,Short-Haul,2026-08-30 11:33:00,165
241,VS445,12,BFS,Domestic,2026-08-07 09:31:00,100
242,FR327,12,DUB,Short-Haul,2026-08-16 23:54:00,165
243,EZ390,4,GLA,Domestic,2026-08-04 17:03:00,104
244,EZ978,6,DUB,Short-Haul,2026-08-24 01:44:00,172
245,VS236,1,JFK,Long-Haul,2026-08-16 04:34:00,334
246,LM544,6,SIN,Long-Haul,2026-08-16 03:16:00,251
247,EZ166,7,LAX,Long-Haul,2026-08-10 05:48:00,292
248,VS416,6,SIN,Long-Haul,2026-08-24 21:30:00,253
249,VS604,3,CDG,Short-Haul,2026-08-11 23:38:00,202
250,FR654,9,CDG,Short-Haul,2026-08-27 09:54:00,165
251,LM293,3,CDG,Short-Haul,2026-08-24 23:20:00,211
252,EZ405,5,AMS,Short-Haul,2026-08-17 22:54:00,160
253,VS689,6,ABZ,Domestic,2026-08-19 21:07:00,137
254,EZ692,5,DUB,Short-Haul,2026-08-31 04:23:00,190
255,VS458,2,HND,Long-Haul,2026-08-25 00:39:00,380
256,BA495,2,AMS,Short-Haul,2026-08-21 08:02:00,168
257,FR931,1,JFK,Long-Haul,2026-08-16 05:34:00,340
258,EZ766,3,CDG,Short-Haul,2026-08-23 15:55:00,170
259,EZ752,1,BFS,Domestic,2026-08-02 23:19:00,126
260,EZ456,5,EDI,Domestic,2026-08-27 19:40:00,94
261,BA189,9,HND,Long-Haul,2026-08-23 07:36:00,284
262,FR318,2,EDI,Domestic,2026-08-16 17:29:00,142
263,BA880,1,GLA,Domestic,2026-08-12 15:41:00,119
264,VS504,1,CDG,Short-Haul,2026-08-03 17:26:00,210
265,BA489,11,JFK,Long-Haul,2026-08-31 00:51:00,391
266,VS355,7,AMS,Short-Haul,2026-08-16 11:12:00,183
267,BA740,9,FRA,Short-Haul,2026-08-09 01:58:00,197
268,BA680,6,DXB,Long-Haul,2026-08-17 12:40:00,276
269,BA257,12,AMS,Short-Haul,2026-08-31 01:26:00,158
270,VS827,3,BCN,Short-Haul,2026-08-29 06:09:00,201
271,BA466,12,LAX,Long-Haul,2026-08-15 08:55:00,285
272,BA616,9,SIN,Long-Haul,2026-08-16 14:20:00,387
273,FR952,5,FRA,Short-Haul,2026-08-08 16:45:00,220
274,EZ410,6,DUB,Short-Haul,2026-08-04 01:49:00,184
275,FR373,12,FRA,Short-Haul,2026-08-24 10:39:00,162
276,LM907,11,FRA,Short-Haul,2026-08-18 04:30:00,165
277,BA630,6,DUB,Short-Haul,2026-08-12 03:38:00,156
278,LM915,12,DUB,Short-Haul,2026-08-10 18:45:00,208
279,VS259,9,GLA,Domestic,2026-08-23 07:34:00,145
280,FR674,11,FRA,Short-Haul,2026-08-07 09:26:00,194
281,FR566,3,FRA,Short-Haul,2026-08-07 09:59:00,176
282,BA656,9,CDG,Short-Haul,2026-08-03 23:25:00,156
283,FR465,3,BFS,Domestic,2026-08-12 02:40:00,117
284,EZ581,8,DXB,Long-Haul,2026-08-14 08:29:00,358
285,VS236,6,FRA,Short-Haul,2026-08-09 19:54:00,180
286,VS497,12,BCN,Short-Haul,2026-08-05 02:25:00,210
287,VS158,9,GLA,Domestic,2026-08-15 01:52:00,127
288,LM407,12,FRA,Short-Haul,2026-08-08 11:13:00,151
289,EZ235,9,CDG,Short-Haul,2026-08-21 19:37:00,172
290,BA163,3,FRA,Short-Haul,2026-08-16 23:05:00,156
291,VS541,1,GLA,Domestic,2026-08-14 06:11:00,106
292,LM533,4,BCN,Short-Haul,2026-08-09 13:45:00,180
293,BA110,8,DUB,Short-Haul,2026-08-03 09:27:00,199
294,FR624,12,HND,Long-Haul,2026-08-01 17:37:00,307
295,BA940,9,GLA,Domestic,2026-08-29 17:17:00,96
296,VS122,6,CDG,Short-Haul,2026-08-10 23:50:00,204
297,FR820,2,LAX,Long-Haul,2026-08-04 13:02:00,316
298,EZ356,6,SIN,Long-Haul,2026-08-10 00:34:00,374
299,VS462,9,BFS,Domestic,2026-08-21 05:36:00,119
300,EZ386,9,BCN,Short-Haul,2026-08-19 18:50:00,170
301,FR626,12,BFS,Domestic,2026-08-15 12:29:00,103
302,BA613,9,GLA,Domestic,2026-08-27 12:25:00,141
303,BA905,12,JFK,Long-Haul,2026-08-25 18:24:00,296
304,EZ519,9,ABZ,Domestic,2026-08-10 05:09:00,120
305,VS907,5,JFK,Long-Haul,2026-08-17 11:54:00,376
306,LM484,7,DUB,Short-Haul,2026-08-04 16:56:00,174
307,BA316,1,SIN,Long-Haul,2026-08-10 03:06:00,318
308,VS879,3,AMS,Short-Haul,2026-08-06 22:42:00,213
309,VS397,8,JFK,Long-Haul,2026-08-18 06:51:00,282
310,FR840,10,BFS,Domestic,2026-08-06 14:49:00,137
311,LM679,12,LAX,Long-Haul,2026-08-29 02:50:00,363
312,EZ846,8,GLA,Domestic,2026-08-04 15:32:00,97
313,EZ505,1,ABZ,Domestic,2026-08-10 14:22:00,86
314,LM786,1,AMS,Short-Haul,2026-08-18 15:03:00,199
315,LM379,9,SIN,Long-Haul,2026-08-17 02:45:00,347
316,FR468,10,BCN,Short-Haul,2026-08-05 22:07:00,163
317,BA906,7,JFK,Long-Haul,2026-08-05 01:56:00,389
318,FR351,9,FRA,Short-Haul,2026-08-15 22:24:00,214
319,FR903,12,ABZ,Domestic,2026-08-05 12:32:00,125
320,FR335,7,ABZ,Domestic,2026-08-05 23:10:00,86
321,VS193,5,BCN,Short-Haul,2026-08-13 11:05:00,163
322,EZ298,4,BCN,Short-Haul,2026-08-16 03:52:00,209
323,FR754,11,EDI,Domestic,2026-08-12 18:08:00,129
324,FR703,5,EDI,Domestic,2026-08-01 18:41:00,123
325,BA637,8,GLA,Domestic,2026-08-15 11:48:00,87
326,LM170,11,BFS,Domestic,2026-08-14 04:39:00,148
327,LM923,12,SIN,Long-Haul,2026-08-21 18:55:00,325
328,FR160,2,JFK,Long-Haul,2026-08-27 03:00:00,257
329,VS279,8,DUB,Short-Haul,2026-08-07 23:00:00,181
330,FR392,6,LAX,Long-Haul,2026-08-13 01:31:00,374
331,LM292,10,HND,Long-Haul,2026-08-24 22:38:00,388
332,EZ657,2,BCN,Short-Haul,2026-08-04 21:29:00,215
333,EZ581,9,SIN,Long-Haul,2026-08-03 12:17:00,302
334,BA390,8,DUB,Short-Haul,2026-08-24 01:27:00,211
335,EZ171,12,SIN,Long-Haul,2026-08-21 13:46:00,302
336,EZ675,9,ABZ,Domestic,2026-08-04 14:15:00,92
337,LM502,10,GLA,Domestic,2026-08-07 11:11:00,113
338,VS875,5,DUB,Short-Haul,2026-08-21 00:33:00,180
339,BA359,1,DXB,Long-Haul,2026-08-15 05:16:00,400
340,VS726,10,SIN,Long-Haul,2026-08-23 07:06:00,278
341,LM741,7,DUB,Short-Haul,2026-08-25 20:12:00,205
342,EZ590,5,FRA,Short-Haul,2026-08-02 09:40:00,184
343,BA948,6,CDG,Short-Haul,2026-08-26 10:54:00,157
344,LM489,4,EDI,Domestic,2026-08-09 09:37:00,102
345,LM549,10,EDI,Domestic,2026-08-12 20:49:00,122
346,VS591,5,CDG,Short-Haul,2026-08-04 12:00:00,213
347,FR807,2,LAX,Long-Haul,2026-08-29 04:39:00,377
348,FR392,4,LAX,Long-Haul,2026-08-13 01:58:00,250
349,BA863,2,LAX,Long-Haul,2026-08-18 12:54:00,305
350,FR955,7,DXB,Long-Haul,2026-08-20 03:27:00,383
351,VS300,3,EDI,Domestic,2026-08-24 16:23:00,84
352,VS406,2,EDI,Domestic,2026-08-14 11:05:00,140
353,FR911,8,BFS,Domestic,2026-08-21 05:37:00,105
354,FR512,8,SIN,Long-Haul,2026-08-22 04:04:00,271
355,LM448,2,GLA,Domestic,2026-08-28 14:22:00,105
356,BA353,4,HND,Long-Haul,2026-08-01 09:40:00,377
357,EZ712,1,HND,Long-Haul,2026-08-05 02:29:00,285
358,VS367,2,BCN,Short-Haul,2026-08-27 13:49:00,214
359,FR195,5,EDI,Domestic,2026-08-10 06:22:00,103
360,VS785,3,ABZ,Domestic,2026-08-17 17:20:00,120
361,LM365,8,SIN,Long-Haul,2026-08-11 17:21:00,308
362,BA486,9,BFS,Domestic,2026-08-19 16:35:00,116
363,VS705,2,GLA,Domestic,2026-08-26 18:13:00,85
364,BA455,2,SIN,Long-Haul,2026-08-07 18:19:00,324
365,LM335,1,DUB,Short-Haul,2026-08-23 09:09:00,153
366,VS213,5,GLA,Domestic,2026-08-16 21:19:00,142
367,FR336,10,HND,Long-Haul,2026-08-12 07:51:00,297
368,EZ310,11,BCN,Short-Haul,2026-08-29 10:09:00,150
369,LM735,12,JFK,Long-Haul,2026-08-21 10:02:00,348
370,EZ251,3,BFS,Domestic,2026-08-04 00:00:00,101
371,VS515,9,BCN,Short-Haul,2026-08-18 14:51:00,180
372,LM277,9,HND,Long-Haul,2026-08-18 05:04:00,385
373,FR621,2,GLA,Domestic,2026-08-01 19:18:00,132
374,BA860,5,AMS,Short-Haul,2026-08-23 00:36:00,182
375,BA653,8,DXB,Long-Haul,2026-08-10 21:12:00,299
376,EZ311,5,DUB,Short-Haul,2026-08-16 22:17:00,166
377,EZ823,6,DXB,Long-Haul,2026-08-04 04:56:00,257
378,VS355,7,DUB,Short-Haul,2026-08-24 04:50:00,210
379,LM847,2,SIN,Long-Haul,2026-08-15 22:57:00,256
380,FR481,7,DUB,Short-Haul,2026-08-07 01:26:00,187
381,FR404,6,BCN,Short-Haul,2026-08-27 10:48:00,152
382,LM451,2,AMS,Short-Haul,2026-08-03 18:51:00,170
383,LM201,6,HND,Long-Haul,2026-08-02 23:20:00,274
384,EZ503,8,DXB,Long-Haul,2026-08-03 01:04:00,383
385,LM958,5,DXB,Long-Haul,2026-08-18 07:47:00,319
386,LM716,6,DXB,Long-Haul,2026-08-07 08:34:00,255
387,LM957,4,ABZ,Domestic,2026-08-13 06:53:00,133
388,VS628,11,AMS,Short-Haul,2026-08-21 04:07:00,205
389,VS426,11,GLA,Domestic,2026-08-01 15:10:00,136
390,LM332,9,LAX,Long-Haul,2026-08-25 15:45:00,316
391,LM159,4,LAX,Long-Haul,2026-08-09 00:07:00,314
392,EZ181,6,HND,Long-Haul,2026-08-04 02:46:00,388
393,VS900,5,ABZ,Domestic,2026-08-23 03:35:00,87
394,EZ626,7,BCN,Short-Haul,2026-08-17 22:21:00,200
395,BA129,11,EDI,Domestic,2026-08-15 10:18:00,103
396,BA471,10,JFK,Long-Haul,2026-08-27 21:50:00,394
397,FR661,7,JFK,Long-Haul,2026-08-29 22:44:00,381
398,FR916,2,DUB,Short-Haul,2026-08-12 01:11:00,164
399,BA137,2,DXB,Long-Haul,2026-08-11 05:24:00,271
400,EZ279,4,JFK,Long-Haul,2026-08-07 09:25:00,369
401,BA493,1,BCN,Short-Haul,2026-08-05 16:57:00,169
402,VS867,1,SIN,Long-Haul,2026-08-29 08:23:00,311
403,VS351,2,EDI,Domestic,2026-08-23 17:09:00,145
404,EZ436,4,HND,Long-Haul,2026-08-02 19:48:00,275
405,VS162,5,BCN,Short-Haul,2026-08-07 22:23:00,178
406,EZ503,7,GLA,Domestic,2026-08-12 00:19:00,88
407,BA983,10,BCN,Short-Haul,2026-08-11 00:23:00,169
408,VS477,2,BFS,Domestic,2026-08-27 14:49:00,125
409,EZ662,9,EDI,Domestic,2026-08-13 10:38:00,103
410,LM755,6,JFK,Long-Haul,2026-08-06 10:21:00,288
411,BA633,6,LAX,Long-Haul,2026-08-14 16:18:00,357
412,LM242,5,AMS,Short-Haul,2026-08-18 09:55:00,172
413,LM784,10,SIN,Long-Haul,2026-08-30 09:24:00,325
414,VS244,6,ABZ,Domestic,2026-08-18 08:32:00,99
415,EZ404,1,JFK,Long-Haul,2026-08-18 01:37:00,353
416,LM489,3,FRA,Short-Haul,2026-08-06 02:11:00,217
417,EZ404,4,HND,Long-Haul,2026-08-12 10:57:00,316
418,VS388,9,BCN,Short-Haul,2026-08-22 08:33:00,208
419,BA243,4,GLA,Domestic,2026-08-10 06:32:00,106
420,VS519,6,AMS,Short-Haul,2026-08-08 08:43:00,215
421,VS175,3,GLA,Domestic,2026-08-27 07:23:00,96
422,EZ178,9,DXB,Long-Haul,2026-08-24 15:02:00,347
423,LM900,10,CDG,Short-Haul,2026-08-18 17:37:00,168
424,FR814,3,CDG,Short-Haul,2026-08-06 05:15:00,187
425,LM364,3,AMS,Short-Haul,2026-08-14 06:18:00,217
426,VS105,2,ABZ,Domestic,2026-08-28 15:18:00,104
427,EZ537,6,ABZ,Domestic,2026-08-17 23:31:00,82
428,BA225,10,DXB,Long-Haul,2026-08-09 15:01:00,253
429,LM802,4,AMS,Short-Haul,2026-08-08 10:26:00,153
430,LM552,7,DUB,Short-Haul,2026-08-04 23:07:00,183
431,VS762,7,AMS,Short-Haul,2026-08-04 11:13:00,181
432,FR965,4,EDI,Domestic,2026-08-30 16:45:00,97
433,EZ530,9,CDG,Short-Haul,2026-08-26 19:23:00,180
434,LM853,5,AMS,Short-Haul,2026-08-17 01:49:00,152
435,BA602,9,JFK,Long-Haul,2026-08-06 01:08:00,328
436,LM359,6,SIN,Long-Haul,2026-08-19 04:22:00,336
437,LM103,5,HND,Long-Haul,2026-08-20 07:46:00,340
438,LM804,11,CDG,Short-Haul,2026-08-08 02:31:00,213
439,VS704,9,AMS,Short-Haul,2026-08-18 17:22:00,174
440,BA546,4,BFS,Domestic,2026-08-20 04:05:00,148
441,EZ147,3,ABZ,Domestic,2026-08-03 13:18:00,120
442,FR332,11,HND,Long-Haul,2026-08-23 12:01:00,337
443,EZ835,6,LAX,Long-Haul,2026-08-07 08:11:00,367
444,VS686,10,EDI,Domestic,2026-08-02 01:35:00,149
445,FR911,6,BCN,Short-Haul,2026-08-23 09:51:00,157
446,FR624,4,FRA,Short-Haul,2026-08-01 05:23:00,195
447,LM178,10,DXB,Long-Haul,2026-08-10 18:47:00,364
448,EZ438,8,HND,Long-Haul,2026-08-19 17:42:00,311
449,EZ337,7,DUB,Short-Haul,2026-08-29 12:17:00,164
450,LM561,7,AMS,Short-Haul,2026-08-24 23:08:00,216
451,EZ903,2,JFK,Long-Haul,2026-08-23 06:42:00,323
452,BA748,5,EDI,Domestic,2026-08-11 10:16:00,140
453,EZ789,12,DUB,Short-Haul,2026-08-06 21:49:00,209
454,VS473,10,DXB,Long-Haul,2026-08-19 02:12:00,349
455,BA121,5,LAX,Long-Haul,2026-08-04 09:39:00,253
456,VS918,7,BFS,Domestic,2026-08-20 05:36:00,124
457,LM406,5,FRA,Short-Haul,2026-08-17 11:45:00,150
458,VS741,10,BFS,Domestic,2026-08-17 08:28:00,146
459,EZ894,12,JFK,Long-Haul,2026-08-19 09:26:00,397
460,VS684,6,ABZ,Domestic,2026-08-15 23:33:00,138
461,VS625,10,ABZ,Domestic,2026-08-14 21:56:00,93
462,LM398,2,DUB,Short-Haul,2026-08-03 16:42:00,187
463,LM559,5,LAX,Long-Haul,2026-08-28 11:46:00,264
464,FR110,3,LAX,Long-Haul,2026-08-11 14:18:00,367
465,VS590,12,DXB,Long-Haul,2026-08-19 01:59:00,263
466,EZ858,7,HND,Long-Haul,2026-08-13 23:15:00,395
467,FR323,11,BCN,Short-Haul,2026-08-12 22:43:00,166
468,EZ765,5,AMS,Short-Haul,2026-08-09 16:46:00,159
469,BA521,12,EDI,Domestic,2026-08-06 18:42:00,149
470,BA456,5,DXB,Long-Haul,2026-08-23 15:52:00,277
471,LM932,6,GLA,Domestic,2026-08-02 06:00:00,90
472,VS624,5,AMS,Short-Haul,2026-08-09 15:51:00,213
473,FR709,12,DXB,Long-Haul,2026-08-14 22:55:00,299
474,LM979,6,DXB,Long-Haul,2026-08-03 01:34:00,258
475,EZ537,2,AMS,Short-Haul,2026-08-10 14:31:00,205
476,EZ975,9,AMS,Short-Haul,2026-08-28 17:47:00,207
477,VS174,4,HND,Long-Haul,2026-08-29 16:09:00,375
478,VS943,2,EDI,Domestic,2026-08-16 02:17:00,100
479,VS184,5,ABZ,Domestic,2026-08-18 06:14:00,149
480,BA903,9,LAX,Long-Haul,2026-08-25 17:38:00,262
481,EZ580,4,ABZ,Domestic,2026-08-14 14:05:00,136
482,LM585,2,DUB,Short-Haul,2026-08-20 14:26:00,159
483,VS453,8,DUB,Short-Haul,2026-08-02 12:12:00,153
484,FR610,1,GLA,Domestic,2026-08-13 02:02:00,108
485,LM656,10,DXB,Long-Haul,2026-08-11 12:24:00,312
486,EZ925,9,GLA,Domestic,2026-08-26 04:59:00,86
487,LM840,1,ABZ,Domestic,2026-08-22 18:18:00,88
488,EZ333,8,LAX,Long-Haul,2026-08-22 11:32:00,289
489,VS322,4,HND,Long-Haul,2026-08-03 06:02:00,382
490,VS387,7,EDI,Domestic,2026-08-16 17:22:00,143
491,VS823,11,FRA,Short-Haul,2026-08-20 10:33:00,220
492,BA498,12,GLA,Domestic,2026-08-07 08:26:00,99
493,VS216,4,FRA,Short-Haul,2026-08-14 18:58:00,216
494,VS936,8,JFK,Long-Haul,2026-08-18 18:06:00,343
495,LM752,11,CDG,Short-Haul,2026-08-27 17:52:00,155
496,VS986,3,BCN,Short-Haul,2026-08-08 02:48:00,218
497,VS347,5,DXB,Long-Haul,2026-08-17 11:48:00,289
498,VS928,2,FRA,Short-Haul,2026-08-19 03:29:00,160
499,BA702,8,GLA,Domestic,2026-08-01 19:02:00,102
500,BA956,10,DUB,Short-Haul,2026-08-15 20:11:00,180
501,BA325,3,ABZ,Domestic,2026-08-20 08:04:00,82
502,LM280,5,HND,Long-Haul,2026-08-04 21:58:00,322
503,EZ501,10,GLA,Domestic,2026-08-13 00:12:00,85
504,VS764,10,HND,Long-Haul,2026-08-22 13:06:00,391
505,BA105,12,AMS,Short-Haul,2026-08-08 11:53:00,159
506,BA658,5,SIN,Long-Haul,2026-08-25 02:45:00,364
507,FR642,10,SIN,Long-Haul,2026-08-22 12:13:00,304
508,FR188,10,LAX,Long-Haul,2026-08-18 01:27:00,283
509,FR217,3,BCN,Short-Haul,2026-08-20 21:09:00,186
510,LM166,9,BFS,Domestic,2026-08-21 21:50:00,148
511,EZ831,8,DUB,Short-Haul,2026-08-05 09:19:00,203
512,FR534,8,LAX,Long-Haul,2026-08-24 00:34:00,286
513,EZ621,12,JFK,Long-Haul,2026-08-18 00:39:00,319
514,EZ415,11,JFK,Long-Haul,2026-08-27 00:23:00,254
515,BA780,11,DUB,Short-Haul,2026-08-22 12:48:00,158
516,EZ446,1,GLA,Domestic,2026-08-09 05:35:00,136
517,VS956,1,CDG,Short-Haul,2026-08-30 06:29:00,177
518,BA874,8,DXB,Long-Haul,2026-08-18 07:34:00,371
519,FR265,10,FRA,Short-Haul,2026-08-09 15:06:00,211
520,BA298,4,DUB,Short-Haul,2026-08-11 10:56:00,195
521,VS855,3,AMS,Short-Haul,2026-08-23 07:25:00,152
522,BA864,1,LAX,Long-Haul,2026-08-28 11:33:00,312
523,LM634,12,BCN,Short-Haul,2026-08-24 22:25:00,166
524,FR391,8,BFS,Domestic,2026-08-02 06:05:00,135
525,BA665,10,HND,Long-Haul,2026-08-29 10:34:00,255
526,VS180,3,HND,Long-Haul,2026-08-01 09:35:00,293
527,EZ150,1,SIN,Long-Haul,2026-08-19 07:24:00,369
528,BA352,12,AMS,Short-Haul,2026-08-29 16:51:00,214
529,FR807,9,JFK,Long-Haul,2026-08-08 03:01:00,339
530,BA925,1,SIN,Long-Haul,2026-08-28 03:00:00,349
531,FR916,6,GLA,Domestic,2026-08-12 23:43:00,107
532,FR674,3,DUB,Short-Haul,2026-08-26 18:23:00,183
533,EZ647,12,DXB,Long-Haul,2026-08-16 16:27:00,389
534,EZ533,5,HND,Long-Haul,2026-08-20 05:49:00,304
535,EZ890,12,EDI,Domestic,2026-08-13 22:10:00,127
536,FR196,11,FRA,Short-Haul,2026-08-26 12:59:00,160
537,FR375,2,AMS,Short-Haul,2026-08-11 22:07:00,214
538,VS693,1,LAX,Long-Haul,2026-08-27 16:33:00,296
539,BA360,11,SIN,Long-Haul,2026-08-13 23:26:00,331
540,VS459,7,BFS,Domestic,2026-08-10 04:29:00,107
541,EZ379,7,DXB,Long-Haul,2026-08-21 06:05:00,374
542,LM792,1,JFK,Long-Haul,2026-08-05 07:53:00,391
543,LM543,8,ABZ,Domestic,2026-08-25 04:45:00,90
544,FR659,8,BFS,Domestic,2026-08-14 02:16:00,91
545,VS692,4,SIN,Long-Haul,2026-08-18 16:37:00,377
546,EZ308,2,BFS,Domestic,2026-08-27 16:09:00,119
547,VS610,12,HND,Long-Haul,2026-08-13 12:38:00,269
548,FR473,8,EDI,Domestic,2026-08-17 02:43:00,95
549,EZ608,12,DUB,Short-Haul,2026-08-12 07:07:00,187
550,LM568,8,HND,Long-Haul,2026-08-06 06:46:00,275
551,EZ304,9,CDG,Short-Haul,2026-08-26 23:58:00,150
552,BA981,10,HND,Long-Haul,2026-08-29 22:59:00,294
553,VS264,9,FRA,Short-Haul,2026-08-14 08:47:00,214
554,EZ626,10,CDG,Short-Haul,2026-08-06 23:48:00,192
555,VS168,10,DXB,Long-Haul,2026-08-22 19:37:00,355
556,LM468,6,JFK,Long-Haul,2026-08-25 17:38:00,301
557,LM935,11,EDI,Domestic,2026-08-27 06:11:00,129
558,LM917,7,DUB,Short-Haul,2026-08-31 02:32:00,151
559,EZ199,11,BFS,Domestic,2026-08-22 10:56:00,90
560,EZ146,9,AMS,Short-Haul,2026-08-03 08:25:00,187
561,VS612,10,AMS,Short-Haul,2026-08-01 18:41:00,219
562,FR663,3,EDI,Domestic,2026-08-20 18:37:00,82
563,BA987,3,BCN,Short-Haul,2026-08-08 17:25:00,197
564,EZ467,3,DUB,Short-Haul,2026-08-12 09:33:00,153
565,FR587,1,AMS,Short-Haul,2026-08-09 23:21:00,183
566,VS361,5,JFK,Long-Haul,2026-08-18 16:57:00,338
567,FR484,6,DUB,Short-Haul,2026-08-01 13:47:00,215
568,VS733,2,HND,Long-Haul,2026-08-10 09:19:00,368
569,LM230,4,BCN,Short-Haul,2026-08-30 20:22:00,163
570,EZ230,7,FRA,Short-Haul,2026-08-30 17:08:00,154
571,FR997,12,SIN,Long-Haul,2026-08-22 15:39:00,250
572,EZ498,11,LAX,Long-Haul,2026-08-10 03:18:00,374
573,FR279,7,EDI,Domestic,2026-08-06 12:57:00,84
574,VS636,1,GLA,Domestic,2026-08-22 12:53:00,135
575,BA711,12,AMS,Short-Haul,2026-08-11 02:31:00,193
576,EZ650,4,DUB,Short-Haul,2026-08-06 10:25:00,168
577,VS621,3,BFS,Domestic,2026-08-11 05:42:00,90
578,EZ632,4,DUB,Short-Haul,2026-08-14 15:18:00,175
579,EZ526,5,HND,Long-Haul,2026-08-12 06:45:00,320
580,VS186,1,BCN,Short-Haul,2026-08-26 23:26:00,176
581,VS538,5,DXB,Long-Haul,2026-08-16 22:32:00,315
582,BA847,10,JFK,Long-Haul,2026-08-20 14:35:00,300
583,LM598,8,DUB,Short-Haul,2026-08-26 18:48:00,184
584,EZ523,6,GLA,Domestic,2026-08-22 07:10:00,127
585,BA317,7,FRA,Short-Haul,2026-08-22 23:00:00,202
586,BA347,11,EDI,Domestic,2026-08-21 22:50:00,127
587,VS107,12,GLA,Domestic,2026-08-23 04:37:00,111
588,FR904,1,EDI,Domestic,2026-08-21 17:08:00,110
589,EZ500,6,SIN,Long-Haul,2026-08-30 16:25:00,284
590,VS718,5,BCN,Short-Haul,2026-08-12 12:44:00,198
591,LM152,6,FRA,Short-Haul,2026-08-13 07:19:00,151
592,VS373,7,AMS,Short-Haul,2026-08-25 17:00:00,181
593,EZ547,6,DUB,Short-Haul,2026-08-23 19:10:00,173
594,EZ629,6,AMS,Short-Haul,2026-08-30 12:06:00,187
595,EZ277,11,CDG,Short-Haul,2026-08-09 10:46:00,164
596,BA497,9,SIN,Long-Haul,2026-08-01 23:36:00,317
597,BA511,11,SIN,Long-Haul,2026-08-13 12:41:00,319
598,FR919,8,EDI,Domestic,2026-08-15 23:41:00,95
599,BA325,4,SIN,Long-Haul,2026-08-29 02:12:00,290
600,EZ783,7,SIN,Long-Haul,2026-08-22 01:54:00,341
601,FR144,3,SIN,Long-Haul,2026-08-11 18:03:00,291
602,BA562,2,DUB,Short-Haul,2026-08-12 12:13:00,162
603,BA821,8,CDG,Short-Haul,2026-08-10 06:43:00,189
604,BA135,10,DXB,Long-Haul,2026-08-10 23:23:00,262
605,EZ963,6,LAX,Long-Haul,2026-08-11 00:55:00,314
606,EZ711,2,HND,Long-Haul,2026-08-30 16:28:00,352
607,FR972,12,BCN,Short-Haul,2026-08-03 01:25:00,181
608,VS805,5,BFS,Domestic,2026-08-19 06:40:00,82
609,LM403,2,SIN,Long-Haul,2026-08-31 02:31:00,353
610,EZ350,9,SIN,Long-Haul,2026-08-02 14:54:00,251
611,LM579,8,HND,Long-Haul,2026-08-20 08:42:00,391
612,EZ372,4,LAX,Long-Haul,2026-08-09 00:42:00,400
613,VS659,11,JFK,Long-Haul,2026-08-25 09:13:00,380
614,LM461,10,CDG,Short-Haul,2026-08-17 18:11:00,201
615,EZ604,8,EDI,Domestic,2026-08-16 22:24:00,137
616,EZ891,5,BFS,Domestic,2026-08-27 15:05:00,132
617,FR421,10,EDI,Domestic,2026-08-25 08:43:00,88
618,VS235,1,CDG,Short-Haul,2026-08-31 01:49:00,210
619,BA669,9,CDG,Short-Haul,2026-08-16 09:59:00,203
620,LM312,1,GLA,Domestic,2026-08-01 07:01:00,86
621,BA867,2,SIN,Long-Haul,2026-08-06 15:20:00,379
622,BA917,11,AMS,Short-Haul,2026-08-06 10:08:00,175
623,BA794,12,EDI,Domestic,2026-08-20 07:54:00,81
624,BA951,10,ABZ,Domestic,2026-08-14 08:21:00,120
625,EZ605,10,BCN,Short-Haul,2026-08-13 06:17:00,185
626,BA870,11,HND,Long-Haul,2026-08-17 13:27:00,391
627,BA400,3,BFS,Domestic,2026-08-25 12:44:00,136
628,LM324,12,JFK,Long-Haul,2026-08-13 11:06:00,254
629,VS571,10,SIN,Long-Haul,2026-08-04 12:44:00,307
630,FR226,5,BFS,Domestic,2026-08-30 18:00:00,127
631,LM711,6,DXB,Long-Haul,2026-08-11 14:32:00,309
632,FR495,11,SIN,Long-Haul,2026-08-21 06:28:00,255
633,FR379,10,CDG,Short-Haul,2026-08-23 02:44:00,210
634,LM741,11,DXB,Long-Haul,2026-08-12 17:45:00,254
635,LM734,1,DXB,Long-Haul,2026-08-09 12:01:00,388
636,EZ596,5,AMS,Short-Haul,2026-08-25 04:01:00,181
637,FR735,10,HND,Long-Haul,2026-08-23 15:29:00,393
638,FR180,6,ABZ,Domestic,2026-08-16 05:13:00,101
639,EZ731,8,HND,Long-Haul,2026-08-26 09:21:00,348
640,BA822,7,CDG,Short-Haul,2026-08-28 05:39:00,167
641,VS342,9,SIN,Long-Haul,2026-08-23 13:42:00,327
642,FR440,3,EDI,Domestic,2026-08-21 05:25:00,130
643,VS948,5,CDG,Short-Haul,2026-08-12 10:26:00,176
644,BA226,10,BCN,Short-Haul,2026-08-22 05:57:00,191
645,LM623,7,AMS,Short-Haul,2026-08-18 22:11:00,196
646,BA180,9,AMS,Short-Haul,2026-08-08 23:53:00,172
647,EZ348,4,SIN,Long-Haul,2026-08-14 14:28:00,252
648,EZ152,12,FRA,Short-Haul,2026-08-09 04:34:00,198
649,FR241,12,EDI,Domestic,2026-08-05 23:01:00,103
650,VS263,3,ABZ,Domestic,2026-08-21 00:50:00,147
651,VS545,7,GLA,Domestic,2026-08-30 06:43:00,99
652,VS929,4,SIN,Long-Haul,2026-08-06 00:53:00,387
653,VS230,11,AMS,Short-Haul,2026-08-25 10:45:00,172
654,BA976,5,BCN,Short-Haul,2026-08-10 16:09:00,218
655,EZ823,9,LAX,Long-Haul,2026-08-25 22:26:00,387
656,EZ368,6,CDG,Short-Haul,2026-08-01 05:58:00,183
657,VS163,12,GLA,Domestic,2026-08-24 10:13:00,80
658,FR526,4,JFK,Long-Haul,2026-08-28 00:17:00,322
659,EZ370,12,DXB,Long-Haul,2026-08-20 09:14:00,306
660,EZ971,2,LAX,Long-Haul,2026-08-22 06:27:00,347
661,VS615,6,GLA,Domestic,2026-08-27 20:04:00,113
662,FR640,5,EDI,Domestic,2026-08-18 03:25:00,130
663,FR990,10,DXB,Long-Haul,2026-08-16 12:56:00,377
664,VS210,3,BCN,Short-Haul,2026-08-18 19:22:00,202
665,EZ596,4,SIN,Long-Haul,2026-08-15 00:25:00,312
666,BA381,9,JFK,Long-Haul,2026-08-30 17:13:00,265
667,FR628,12,JFK,Long-Haul,2026-08-24 05:10:00,336
668,VS710,3,GLA,Domestic,2026-08-31 03:07:00,85
669,FR235,10,DUB,Short-Haul,2026-08-12 16:36:00,214
670,BA540,2,JFK,Long-Haul,2026-08-06 17:20:00,324
671,LM706,7,CDG,Short-Haul,2026-08-02 17:07:00,168
672,FR690,9,FRA,Short-Haul,2026-08-03 02:23:00,190
673,VS342,8,BCN,Short-Haul,2026-08-05 10:50:00,168
674,EZ934,6,GLA,Domestic,2026-08-21 19:21:00,121
675,LM924,12,CDG,Short-Haul,2026-08-06 10:20:00,190
676,LM451,2,BCN,Short-Haul,2026-08-06 03:32:00,174
677,EZ973,5,DXB,Long-Haul,2026-08-15 01:50:00,383
678,LM759,11,JFK,Long-Haul,2026-08-07 15:17:00,331
679,VS539,12,DUB,Short-Haul,2026-08-02 21:57:00,172
680,BA657,11,FRA,Short-Haul,2026-08-13 00:29:00,217
681,BA376,1,JFK,Long-Haul,2026-08-16 07:49:00,335
682,FR344,10,JFK,Long-Haul,2026-08-30 09:57:00,317
683,VS342,8,BFS,Domestic,2026-08-24 03:26:00,149
684,VS664,11,CDG,Short-Haul,2026-08-05 10:55:00,181
685,VS215,10,SIN,Long-Haul,2026-08-17 00:58:00,336
686,EZ999,1,ABZ,Domestic,2026-08-11 20:02:00,89
687,LM273,12,ABZ,Domestic,2026-08-06 02:36:00,105
688,VS620,5,ABZ,Domestic,2026-08-30 07:46:00,122
689,BA863,1,HND,Long-Haul,2026-08-05 06:39:00,271
690,BA119,5,EDI,Domestic,2026-08-07 00:13:00,80
691,FR669,6,DXB,Long-Haul,2026-08-11 18:06:00,316
692,FR972,10,HND,Long-Haul,2026-08-11 14:48:00,271
693,BA469,9,ABZ,Domestic,2026-08-25 10:13:00,150
694,VS855,9,DUB,Short-Haul,2026-08-07 17:01:00,176
695,LM441,8,AMS,Short-Haul,2026-08-30 18:15:00,196
696,LM808,11,EDI,Domestic,2026-08-23 14:43:00,111
697,VS210,12,FRA,Short-Haul,2026-08-02 11:10:00,212
698,LM505,12,ABZ,Domestic,2026-08-01 13:14:00,111
699,BA980,5,DXB,Long-Haul,2026-08-08 16:47:00,378
700,EZ123,2,ABZ,Domestic,2026-08-11 17:41:00,126
701,FR264,11,ABZ,Domestic,2026-08-07 19:30:00,109
702,VS717,2,EDI,Domestic,2026-08-24 21:11:00,91
703,VS972,7,BFS,Domestic,2026-08-16 07:58:00,136
704,VS951,1,AMS,Short-Haul,2026-08-28 22:04:00,190
705,FR477,2,SIN,Long-Haul,2026-08-17 03:36:00,342
706,BA862,7,JFK,Long-Haul,2026-08-09 11:12:00,326
707,LM411,5,SIN,Long-Haul,2026-08-03 15:38:00,311
708,BA202,6,DXB,Long-Haul,2026-08-12 12:58:00,293
709,EZ955,10,BCN,Short-Haul,2026-08-11 13:01:00,150
710,FR280,9,DXB,Long-Haul,2026-08-22 15:56:00,273
711,LM601,6,JFK,Long-Haul,2026-08-04 23:34:00,345
712,VS523,11,BFS,Domestic,2026-08-19 18:52:00,131
713,BA931,7,SIN,Long-Haul,2026-08-15 00:56:00,367
714,FR928,10,SIN,Long-Haul,2026-08-11 08:13:00,252
715,LM452,12,JFK,Long-Haul,2026-08-11 21:56:00,313
716,LM616,6,LAX,Long-Haul,2026-08-01 10:40:00,263
717,EZ316,4,GLA,Domestic,2026-08-05 22:15:00,82
718,LM497,1,LAX,Long-Haul,2026-08-17 07:56:00,287
719,VS378,2,JFK,Long-Haul,2026-08-28 02:42:00,327
720,EZ308,6,HND,Long-Haul,2026-08-30 10:24:00,277
721,BA821,7,JFK,Long-Haul,2026-08-29 03:16:00,354
722,FR402,4,BFS,Domestic,2026-08-10 04:30:00,130
723,LM467,8,BCN,Short-Haul,2026-08-16 16:38:00,192
724,LM108,11,FRA,Short-Haul,2026-08-22 21:47:00,218
725,LM582,11,SIN,Long-Haul,2026-08-18 18:28:00,306
726,EZ921,3,BFS,Domestic,2026-08-15 06:45:00,121
727,VS199,4,JFK,Long-Haul,2026-08-29 14:59:00,384
728,FR240,9,FRA,Short-Haul,2026-08-18 15:55:00,155
729,FR315,9,CDG,Short-Haul,2026-08-04 09:04:00,187
730,VS289,4,DUB,Short-Haul,2026-08-16 05:17:00,163
731,FR909,1,JFK,Long-Haul,2026-08-24 02:44:00,346
732,VS575,1,CDG,Short-Haul,2026-08-06 02:29:00,165
733,LM310,9,EDI,Domestic,2026-08-25 03:28:00,128
734,VS166,10,ABZ,Domestic,2026-08-19 12:38:00,99
735,LM930,9,AMS,Short-Haul,2026-08-07 07:39:00,201
736,BA615,12,DXB,Long-Haul,2026-08-13 04:47:00,325
737,LM566,6,DUB,Short-Haul,2026-08-28 06:18:00,152
738,VS865,8,LAX,Long-Haul,2026-08-24 16:59:00,394
739,VS613,11,FRA,Short-Haul,2026-08-11 17:59:00,162
740,VS389,5,AMS,Short-Haul,2026-08-25 14:13:00,179
741,LM990,10,HND,Long-Haul,2026-08-02 04:16:00,340
742,LM470,7,GLA,Domestic,2026-08-02 23:38:00,92
743,LM760,9,ABZ,Domestic,2026-08-30 03:51:00,150
744,BA776,8,FRA,Short-Haul,2026-08-26 04:10:00,171
745,LM168,8,JFK,Long-Haul,2026-08-28 22:36:00,330
746,FR179,10,LAX,Long-Haul,2026-08-13 04:56:00,304
747,EZ250,10,LAX,Long-Haul,2026-08-23 04:25:00,321
748,EZ869,10,GLA,Domestic,2026-08-02 21:35:00,81
749,FR352,10,SIN,Long-Haul,2026-08-17 02:18:00,339
750,EZ211,9,GLA,Domestic,2026-08-13 10:13:00,80
751,FR820,12,CDG,Short-Haul,2026-08-05 13:27:00,211
752,LM234,12,LAX,Long-Haul,2026-08-14 01:57:00,273
753,LM628,6,BCN,Short-Haul,2026-08-13 21:58:00,152
754,BA217,9,GLA,Domestic,2026-08-03 23:10:00,140
755,LM687,4,GLA,Domestic,2026-08-16 08:00:00,121
756,VS594,4,DUB,Short-Haul,2026-08-13 03:38:00,214
757,LM652,11,LAX,Long-Haul,2026-08-23 05:40:00,260
758,VS350,2,LAX,Long-Haul,2026-08-27 04:37:00,356
759,EZ996,6,FRA,Short-Haul,2026-08-26 13:51:00,206
760,LM650,9,BFS,Domestic,2026-08-12 20:30:00,106
761,LM826,9,DUB,Short-Haul,2026-08-30 11:43:00,164
762,LM739,10,AMS,Short-Haul,2026-08-18 12:40:00,152
763,BA346,8,BCN,Short-Haul,2026-08-03 06:50:00,158
764,FR292,2,ABZ,Domestic,2026-08-01 18:58:00,125
765,LM411,9,BCN,Short-Haul,2026-08-09 20:35:00,213
766,VS585,5,JFK,Long-Haul,2026-08-13 19:39:00,355
767,VS927,1,AMS,Short-Haul,2026-08-06 17:41:00,174
768,BA126,3,HND,Long-Haul,2026-08-10 08:25:00,291
769,EZ650,4,GLA,Domestic,2026-08-02 21:22:00,90
770,BA309,4,SIN,Long-Haul,2026-08-08 13:27:00,389
771,BA267,12,AMS,Short-Haul,2026-08-17 05:30:00,162
772,FR419,9,SIN,Long-Haul,2026-08-12 23:52:00,337
773,LM344,8,DUB,Short-Haul,2026-08-05 03:33:00,218
774,LM580,11,EDI,Domestic,2026-08-08 11:55:00,127
775,EZ734,6,DUB,Short-Haul,2026-08-23 06:55:00,153
776,EZ910,8,GLA,Domestic,2026-08-30 21:01:00,137
777,FR666,12,DUB,Short-Haul,2026-08-19 17:42:00,192
778,VS303,12,CDG,Short-Haul,2026-08-02 04:04:00,210
779,BA320,9,BCN,Short-Haul,2026-08-07 21:10:00,215
780,BA572,11,DXB,Long-Haul,2026-08-05 17:34:00,324
781,VS128,2,CDG,Short-Haul,2026-08-22 16:56:00,193
782,BA291,2,ABZ,Domestic,2026-08-02 00:37:00,129
783,VS292,2,DUB,Short-Haul,2026-08-21 14:57:00,211
784,LM717,9,DUB,Short-Haul,2026-08-24 23:26:00,219
785,BA338,7,BFS,Domestic,2026-08-08 12:49:00,146
786,LM156,3,BCN,Short-Haul,2026-08-13 03:08:00,170
787,LM264,1,LAX,Long-Haul,2026-08-23 17:09:00,383
788,VS701,7,FRA,Short-Haul,2026-08-14 01:40:00,192
789,EZ444,3,EDI,Domestic,2026-08-28 19:04:00,85
790,LM743,4,SIN,Long-Haul,2026-08-02 16:07:00,324
791,BA877,8,FRA,Short-Haul,2026-08-08 14:10:00,209
792,EZ146,8,EDI,Domestic,2026-08-21 12:21:00,145
793,BA238,9,ABZ,Domestic,2026-08-24 11:47:00,88
794,FR854,7,FRA,Short-Haul,2026-08-16 12:54:00,151
795,LM160,1,FRA,Short-Haul,2026-08-07 03:22:00,179
796,EZ925,11,EDI,Domestic,2026-08-30 00:48:00,129
797,VS339,6,DXB,Long-Haul,2026-08-07 12:37:00,321
798,LM807,9,GLA,Domestic,2026-08-11 22:49:00,108
799,EZ378,3,SIN,Long-Haul,2026-08-07 16:39:00,288
800,FR899,9,LAX,Long-Haul,2026-08-24 18:38:00,295
801,BA517,8,BFS,Domestic,2026-08-02 00:45:00,83
802,EZ578,1,LAX,Long-Haul,2026-08-22 20:50:00,319
803,FR339,4,LAX,Long-Haul,2026-08-11 18:26:00,393
804,VS379,11,AMS,Short-Haul,2026-08-04 16:53:00,192
805,BA365,3,CDG,Short-Haul,2026-08-13 09:53:00,177
806,EZ284,8,LAX,Long-Haul,2026-08-10 03:25:00,267
807,EZ395,9,ABZ,Domestic,2026-08-02 10:51:00,92
808,BA763,10,GLA,Domestic,2026-08-30 19:11:00,97
809,BA700,4,DUB,Short-Haul,2026-08-30 20:34:00,203
810,EZ988,4,GLA,Domestic,2026-08-24 18:20:00,98
811,EZ829,6,AMS,Short-Haul,2026-08-15 10:27:00,170
812,BA255,12,EDI,Domestic,2026-08-28 20:32:00,99
813,EZ156,12,SIN,Long-Haul,2026-08-08 03:10:00,321
814,EZ480,3,DUB,Short-Haul,2026-08-15 03:39:00,214
815,FR750,1,BCN,Short-Haul,2026-08-18 07:08:00,216
816,VS740,12,SIN,Long-Haul,2026-08-17 21:32:00,369
817,VS947,8,SIN,Long-Haul,2026-08-30 12:22:00,340
818,FR395,7,JFK,Long-Haul,2026-08-29 14:56:00,260
819,VS671,4,ABZ,Domestic,2026-08-17 03:33:00,88
820,FR423,7,JFK,Long-Haul,2026-08-13 09:47:00,294
821,BA318,2,LAX,Long-Haul,2026-08-28 07:24:00,350
822,LM343,4,DXB,Long-Haul,2026-08-24 08:20:00,344
823,LM760,1,FRA,Short-Haul,2026-08-09 15:43:00,209
824,BA380,9,JFK,Long-Haul,2026-08-14 12:21:00,389
825,VS121,10,AMS,Short-Haul,2026-08-29 16:35:00,175
826,FR899,2,JFK,Long-Haul,2026-08-28 12:10:00,372
827,BA936,12,FRA,Short-Haul,2026-08-13 21:12:00,183
828,BA433,1,GLA,Domestic,2026-08-10 15:43:00,139
829,FR138,5,ABZ,Domestic,2026-08-09 13:03:00,131
830,EZ820,11,AMS,Short-Haul,2026-08-12 01:36:00,157
831,VS298,6,GLA,Domestic,2026-08-30 05:37:00,113
832,VS868,4,SIN,Long-Haul,2026-08-12 19:40:00,366
833,LM682,6,AMS,Short-Haul,2026-08-19 12:02:00,151
834,EZ762,4,EDI,Domestic,2026-08-26 01:33:00,87
835,EZ754,5,AMS,Short-Haul,2026-08-03 01:32:00,174
836,LM129,8,CDG,Short-Haul,2026-08-10 06:26:00,214
837,BA684,10,SIN,Long-Haul,2026-08-02 15:21:00,317
838,VS809,3,BCN,Short-Haul,2026-08-20 17:54:00,217
839,LM709,4,DUB,Short-Haul,2026-08-29 08:16:00,194
840,BA219,10,BCN,Short-Haul,2026-08-21 13:56:00,199
841,EZ255,11,HND,Long-Haul,2026-08-25 04:10:00,303
842,BA500,10,DXB,Long-Haul,2026-08-25 06:18:00,343
843,BA837,5,EDI,Domestic,2026-08-13 19:26:00,137
844,FR906,9,AMS,Short-Haul,2026-08-09 02:34:00,152
845,EZ813,1,GLA,Domestic,2026-08-18 06:15:00,136
846,LM380,5,EDI,Domestic,2026-08-30 09:58:00,92
847,LM554,4,SIN,Long-Haul,2026-08-13 10:05:00,259
848,EZ341,2,HND,Long-Haul,2026-08-17 23:32:00,366
849,FR318,8,BCN,Short-Haul,2026-08-04 21:17:00,205
850,LM639,10,GLA,Domestic,2026-08-22 13:00:00,140
851,EZ999,1,ABZ,Domestic,2026-08-10 07:46:00,94
852,FR256,12,FRA,Short-Haul,2026-08-28 13:27:00,163
853,BA176,11,BCN,Short-Haul,2026-08-10 07:35:00,189
854,FR540,8,DUB,Short-Haul,2026-08-02 00:07:00,163
855,FR529,10,BCN,Short-Haul,2026-08-12 17:23:00,203
856,BA918,10,EDI,Domestic,2026-08-25 15:23:00,82
857,LM333,2,LAX,Long-Haul,2026-08-19 17:29:00,279
858,BA409,5,GLA,Domestic,2026-08-27 13:18:00,136
859,BA393,10,LAX,Long-Haul,2026-08-01 20:30:00,280
860,VS265,12,CDG,Short-Haul,2026-08-15 21:41:00,161
861,BA103,8,EDI,Domestic,2026-08-29 12:49:00,124
862,FR563,2,BCN,Short-Haul,2026-08-29 23:11:00,193
863,BA637,8,DUB,Short-Haul,2026-08-21 04:59:00,164
864,EZ253,6,FRA,Short-Haul,2026-08-28 05:25:00,205
865,VS110,8,BFS,Domestic,2026-08-31 04:08:00,134
866,EZ896,11,BCN,Short-Haul,2026-08-01 20:03:00,181
867,EZ750,11,HND,Long-Haul,2026-08-25 14:46:00,271
868,LM698,5,DXB,Long-Haul,2026-08-29 22:27:00,261
869,BA251,4,EDI,Domestic,2026-08-03 13:34:00,112
870,LM251,7,DXB,Long-Haul,2026-08-17 05:20:00,338
871,VS901,5,DUB,Short-Haul,2026-08-23 08:29:00,200
872,LM229,7,GLA,Domestic,2026-08-08 15:31:00,103
873,VS448,7,AMS,Short-Haul,2026-08-08 03:55:00,174
874,FR761,4,SIN,Long-Haul,2026-08-25 17:30:00,288
875,FR515,8,AMS,Short-Haul,2026-08-20 13:06:00,183
876,VS730,2,BFS,Domestic,2026-08-30 17:39:00,103
877,LM847,2,LAX,Long-Haul,2026-08-19 20:44:00,387
878,LM689,3,BCN,Short-Haul,2026-08-21 09:55:00,164
879,FR864,9,GLA,Domestic,2026-08-09 09:42:00,114
880,BA942,10,CDG,Short-Haul,2026-08-30 11:48:00,194
881,LM307,4,EDI,Domestic,2026-08-13 20:58:00,124
882,BA148,10,FRA,Short-Haul,2026-08-08 21:56:00,198
883,FR860,10,HND,Long-Haul,2026-08-09 07:24:00,390
884,LM698,8,BCN,Short-Haul,2026-08-27 11:40:00,194
885,LM906,7,JFK,Long-Haul,2026-08-22 12:23:00,312
886,EZ199,1,GLA,Domestic,2026-08-28 16:05:00,137
887,EZ981,2,ABZ,Domestic,2026-08-25 22:17:00,124
888,EZ562,9,CDG,Short-Haul,2026-08-08 15:04:00,204
889,EZ861,5,AMS,Short-Haul,2026-08-16 06:59:00,212
890,FR672,5,CDG,Short-Haul,2026-08-19 05:51:00,180
891,BA954,7,ABZ,Domestic,2026-08-17 22:39:00,92
892,BA655,8,DXB,Long-Haul,2026-08-13 01:08:00,394
893,FR108,7,ABZ,Domestic,2026-08-22 19:12:00,95
894,BA619,7,GLA,Domestic,2026-08-23 21:34:00,103
895,BA449,4,BCN,Short-Haul,2026-08-15 20:57:00,191
896,BA777,1,AMS,Short-Haul,2026-08-23 01:50:00,202
897,LM351,8,HND,Long-Haul,2026-08-15 04:44:00,341
898,FR968,5,EDI,Domestic,2026-08-08 13:46:00,122
899,FR822,8,EDI,Domestic,2026-08-19 14:15:00,102
900,EZ160,4,SIN,Long-Haul,2026-08-18 14:30:00,273
901,LM727,5,GLA,Domestic,2026-08-12 20:57:00,111
902,BA178,1,BFS,Domestic,2026-08-11 08:51:00,149
903,LM536,3,BCN,Short-Haul,2026-08-13 04:12:00,157
904,BA308,1,DUB,Short-Haul,2026-08-23 01:04:00,181
905,EZ832,4,EDI,Domestic,2026-08-05 10:21:00,112
906,LM988,6,EDI,Domestic,2026-08-15 05:29:00,131
907,VS910,6,EDI,Domestic,2026-08-10 11:28:00,133
908,BA473,7,HND,Long-Haul,2026-08-26 12:16:00,301
909,BA274,11,AMS,Short-Haul,2026-08-27 13:04:00,179
910,FR468,10,LAX,Long-Haul,2026-08-18 01:30:00,335
911,LM721,10,CDG,Short-Haul,2026-08-13 17:47:00,200
912,VS744,5,HND,Long-Haul,2026-08-27 21:20:00,341
913,BA751,7,ABZ,Domestic,2026-08-15 04:50:00,127
914,VS456,5,GLA,Domestic,2026-08-08 19:26:00,141
915,LM145,11,FRA,Short-Haul,2026-08-22 22:38:00,184
916,LM232,4,BCN,Short-Haul,2026-08-08 23:54:00,187
917,LM757,6,FRA,Short-Haul,2026-08-25 19:04:00,195
918,EZ157,5,BFS,Domestic,2026-08-03 10:36:00,117
919,FR748,9,ABZ,Domestic,2026-08-03 16:00:00,146
920,FR237,7,BFS,Domestic,2026-08-17 08:49:00,91
921,BA773,8,EDI,Domestic,2026-08-18 10:10:00,110
922,VS814,5,BCN,Short-Haul,2026-08-10 05:04:00,220
923,EZ570,5,JFK,Long-Haul,2026-08-29 14:48:00,361
924,EZ277,10,SIN,Long-Haul,2026-08-19 20:55:00,386
925,VS892,4,BFS,Domestic,2026-08-05 10:46:00,112
926,BA631,10,SIN,Long-Haul,2026-08-21 08:13:00,372
927,FR460,9,FRA,Short-Haul,2026-08-16 06:16:00,217
928,VS687,5,CDG,Short-Haul,2026-08-02 13:29:00,183
929,EZ370,6,HND,Long-Haul,2026-08-30 12:41:00,272
930,FR153,7,AMS,Short-Haul,2026-08-14 03:27:00,168
931,BA802,10,SIN,Long-Haul,2026-08-25 04:03:00,306
932,EZ952,1,DXB,Long-Haul,2026-08-28 13:38:00,259
933,VS364,10,DUB,Short-Haul,2026-08-23 10:50:00,167
934,BA257,10,DUB,Short-Haul,2026-08-05 11:28:00,182
935,EZ623,3,AMS,Short-Haul,2026-08-28 21:02:00,211
936,VS696,7,BFS,Domestic,2026-08-14 10:50:00,141
937,LM403,11,AMS,Short-Haul,2026-08-08 06:19:00,211
938,FR107,9,LAX,Long-Haul,2026-08-22 07:09:00,269
939,EZ522,7,SIN,Long-Haul,2026-08-08 03:19:00,291
940,FR603,10,ABZ,Domestic,2026-08-09 04:09:00,133
941,LM968,12,CDG,Short-Haul,2026-08-02 15:20:00,165
942,BA281,9,EDI,Domestic,2026-08-26 12:48:00,106
943,LM628,8,JFK,Long-Haul,2026-08-11 03:59:00,278
944,LM774,6,DXB,Long-Haul,2026-08-16 12:05:00,289
945,EZ924,6,LAX,Long-Haul,2026-08-03 15:29:00,400
946,VS503,5,LAX,Long-Haul,2026-08-21 04:02:00,351
947,BA763,9,CDG,Short-Haul,2026-08-23 08:41:00,183
948,EZ319,10,BCN,Short-Haul,2026-08-14 22:35:00,166
949,LM361,11,BCN,Short-Haul,2026-08-02 07:58:00,158
950,BA649,2,SIN,Long-Haul,2026-08-10 08:26:00,365
951,FR310,8,JFK,Long-Haul,2026-08-20 18:55:00,307
952,EZ635,7,LAX,Long-Haul,2026-08-28 12:24:00,268
953,FR307,10,EDI,Domestic,2026-08-30 12:13:00,128
954,FR105,6,HND,Long-Haul,2026-08-04 18:51:00,307
955,BA496,12,AMS,Short-Haul,2026-08-29 07:52:00,176
956,EZ724,3,DXB,Long-Haul,2026-08-14 03:50:00,271
957,VS262,5,DUB,Short-Haul,2026-08-24 04:07:00,179
958,VS286,2,JFK,Long-Haul,2026-08-20 19:10:00,351
959,BA750,8,JFK,Long-Haul,2026-08-13 21:39:00,252
960,BA165,6,FRA,Short-Haul,2026-08-18 00:40:00,200
961,VS265,11,LAX,Long-Haul,2026-08-09 16:02:00,391
962,EZ833,10,ABZ,Domestic,2026-08-28 17:23:00,124
963,BA467,4,EDI,Domestic,2026-08-04 11:04:00,86
964,BA269,4,DUB,Short-Haul,2026-08-02 11:22:00,182
965,VS163,9,BCN,Short-Haul,2026-08-02 05:42:00,195
966,EZ416,7,JFK,Long-Haul,2026-08-11 01:43:00,338
967,FR656,11,LAX,Long-Haul,2026-08-29 00:32:00,356
968,VS548,9,ABZ,Domestic,2026-08-14 23:09:00,150
969,EZ193,10,LAX,Long-Haul,2026-08-28 08:19:00,345
970,EZ660,4,BFS,Domestic,2026-08-08 07:32:00,118
971,FR744,5,ABZ,Domestic,2026-08-02 19:06:00,97
972,EZ694,10,AMS,Short-Haul,2026-08-18 13:23:00,175
973,LM678,5,CDG,Short-Haul,2026-08-22 09:35:00,218
974,VS117,7,EDI,Domestic,2026-08-09 02:30:00,96
975,VS835,3,BCN,Short-Haul,2026-08-31 04:17:00,161
976,EZ561,6,DXB,Long-Haul,2026-08-15 06:22:00,393
977,VS949,11,FRA,Short-Haul,2026-08-18 17:59:00,210
978,LM953,8,BCN,Short-Haul,2026-08-07 06:47:00,207
979,LM823,3,EDI,Domestic,2026-08-21 03:10:00,114
980,VS939,2,HND,Long-Haul,2026-08-24 03:29:00,340
981,FR467,7,DXB,Long-Haul,2026-08-13 18:44:00,298
982,FR195,7,JFK,Long-Haul,2026-08-27 12:53:00,329
983,LM774,10,FRA,Short-Haul,2026-08-02 17:03:00,192
984,EZ680,4,AMS,Short-Haul,2026-08-26 18:34:00,194
985,LM467,6,HND,Long-Haul,2026-08-14 10:09:00,299
986,LM709,10,JFK,Long-Haul,2026-08-24 03:20:00,359
987,LM800,3,BCN,Short-Haul,2026-08-08 09:19:00,190
988,FR814,3,EDI,Domestic,2026-08-18 14:19:00,112
989,BA834,10,GLA,Domestic,2026-08-02 19:27:00,140
990,FR673,5,CDG,Short-Haul,2026-08-17 05:57:00,187
991,VS868,1,DUB,Short-Haul,2026-08-17 19:22:00,154
992,BA839,5,DXB,Long-Haul,2026-08-04 18:14:00,260
993,LM441,9,LAX,Long-Haul,2026-08-01 08:05:00,322
994,LM506,5,ABZ,Domestic,2026-08-15 23:20:00,104
995,VS920,3,SIN,Long-Haul,2026-08-29 01:48:00,381
996,LM486,12,BFS,Domestic,2026-08-11 18:21:00,100
997,EZ372,8,BFS,Domestic,2026-08-24 14:46:00,88
998,FR562,8,BCN,Short-Haul,2026-08-15 14:51:00,160
999,LM293,12,GLA,Domestic,2026-08-29 11:14:00,129
1000,VS376,4,SIN,Long-Haul,2026-08-10 10:45:00,252
